Date,State,TotalSamples,Negative,Positive,New Samples,New Negative,New Positive,State_code
4/17/2020,Andaman and Nicobar Islands,1403,1210,12,1403,1210,12,AN
4/24/2020,Andaman and Nicobar Islands,2679,,27,1276,0,15,AN
4/27/2020,Andaman and Nicobar Islands,2848,,33,169,0,6,AN
5/1/2020,Andaman and Nicobar Islands,3754,,33,906,0,0,AN
4/2/2020,Andhra Pradesh,1800,1175,132,1800,1175,132,AP
4/10/2020,Andhra Pradesh,6374,6009,365,4574,4834,233,AP
4/11/2020,Andhra Pradesh,6958,6577,381,584,568,16,AP
4/12/2020,Andhra Pradesh,6958,6553,405,0,-24,24,AP
4/13/2020,Andhra Pradesh,8755,8323,432,1797,1770,27,AP
4/14/2020,Andhra Pradesh,10505,10032,473,1750,1709,41,AP
4/15/2020,Andhra Pradesh,11613,11088,525,1108,1056,52,AP
4/16/2020,Andhra Pradesh,20235,19701,534,8622,8613,9,AP
4/17/2020,Andhra Pradesh,20235,,572,0,0,38,AP
4/18/2020,Andhra Pradesh,21450,20487,603,1215,20487,31,AP
4/19/2020,Andhra Pradesh,26958,26311,647,5508,5824,44,AP
4/20/2020,Andhra Pradesh,30733,30011,722,3775,3700,75,AP
4/21/2020,Andhra Pradesh,35755,34998,757,5022,4987,35,AP
4/22/2020,Andhra Pradesh,41512,40699,813,5757,5701,56,AP
4/23/2020,Andhra Pradesh,48032,47139,893,6520,6440,80,AP
4/24/2020,Andhra Pradesh,54338,53383,955,6306,6244,62,AP
4/25/2020,Andhra Pradesh,61266,60250,1016,6928,6867,61,AP
4/26/2020,Andhra Pradesh,68034,66937,1097,6768,6687,81,AP
4/27/2020,Andhra Pradesh,74551,73374,1177,6517,6437,80,AP
4/28/2020,Andhra Pradesh,80334,79075,1259,5783,5701,82,AP
4/29/2020,Andhra Pradesh,88061,86729,1332,7727,7654,73,AP
4/30/2020,Andhra Pradesh,94558,93155,1403,6497,6426,71,AP
5/1/2020,Andhra Pradesh,102460,100997,1463,7902,7842,60,AP
5/2/2020,Andhra Pradesh,108403,106878,1525,5943,5881,62,AP
5/3/2020,Andhra Pradesh,114937,113354,1583,6534,6476,58,AP
5/4/2020,Andhra Pradesh,125229,123579,1650,10292,10225,67,AP
5/5/2020,Andhra Pradesh,133492,131775,1717,8263,8196,67,AP
5/6/2020,Andhra Pradesh,141274,139497,1777,7782,7722,60,AP
5/7/2020,Andhra Pradesh,149361,147528,1833,8087,8031,56,AP
5/8/2020,Andhra Pradesh,156681,154794,1887,7320,7266,54,AP
5/9/2020,Andhra Pradesh,165069,163139,1930,8388,8345,43,AP
5/10/2020,Andhra Pradesh,173735,171755,1980,8666,8616,50,AP
5/11/2020,Andhra Pradesh,181144,179126,2018,7409,7371,38,AP
5/12/2020,Andhra Pradesh,191874,189823,2051,10730,10697,33,AP
5/13/2020,Andhra Pradesh,201196,199059,2137,9322,9236,86,AP
5/14/2020,Andhra Pradesh,210452,208247,2100,9256,9188,-37,AP
5/15/2020,Andhra Pradesh,219490,217183,2157,9038,8936,57,AP
4/9/2020,Arunachal Pradesh,206,185,1,206,185,1,AR
4/14/2020,Arunachal Pradesh,280,250,1,74,65,0,AR
4/17/2020,Arunachal Pradesh,363,338,1,83,88,0,AR
4/18/2020,Arunachal Pradesh,389,358,1,26,20,0,AR
4/20/2020,Arunachal Pradesh,439,405,1,50,47,0,AR
4/21/2020,Arunachal Pradesh,454,433,1,15,28,0,AR
4/22/2020,Arunachal Pradesh,496,441,2,42,8,1,AR
4/24/2020,Arunachal Pradesh,526,508,2,30,67,0,AR
4/26/2020,Arunachal Pradesh,568,529,2,42,21,0,AR
4/27/2020,Arunachal Pradesh,584,566,2,16,37,0,AR
4/28/2020,Arunachal Pradesh,610,581,2,26,15,0,AR
4/29/2020,Arunachal Pradesh,662,595,2,52,14,0,AR
4/30/2020,Arunachal Pradesh,694,656,2,32,61,0,AR
5/1/2020,Arunachal Pradesh,724,692,2,30,36,0,AR
5/3/2020,Arunachal Pradesh,810,761,2,86,69,0,AR
5/4/2020,Arunachal Pradesh,869,762,2,59,1,0,AR
5/5/2020,Arunachal Pradesh,970,814,2,101,52,0,AR
5/6/2020,Arunachal Pradesh,1039,857,2,69,43,0,AR
5/7/2020,Arunachal Pradesh,1144,952,2,105,95,0,AR
5/8/2020,Arunachal Pradesh,1354,1015,2,210,63,0,AR
5/9/2020,Arunachal Pradesh,1597,1266,2,243,251,0,AR
5/10/2020,Arunachal Pradesh,1823,1363,2,226,97,0,AR
5/11/2020,Arunachal Pradesh,2078,1538,2,255,175,0,AR
5/12/2020,Arunachal Pradesh,2257,1798,2,179,260,0,AR
5/13/2020,Arunachal Pradesh,2483,1902,2,226,104,0,AR
5/14/2020,Arunachal Pradesh,2677,2233,2,194,331,0,AR
4/2/2020,Assam,962,819,16,962,819,16,AS
4/10/2020,Assam,2863,2685,29,1901,1866,13,AS
4/11/2020,Assam,3011,2842,29,148,157,0,AS
4/12/2020,Assam,3138,2973,29,127,131,0,AS
4/14/2020,Assam,3491,3267,31,353,294,2,AS
4/15/2020,Assam,3613,3492,32,122,225,1,AS
4/16/2020,Assam,4108,3803,34,495,311,2,AS
4/17/2020,Assam,4236,4024,34,128,221,0,AS
4/18/2020,Assam,4400,4199,34,164,175,0,AS
4/19/2020,Assam,4865,4584,34,465,385,0,AS
4/20/2020,Assam,5112,4937,34,247,353,0,AS
4/21/2020,Assam,5514,5245,34,402,308,0,AS
4/24/2020,Assam,6680,6391,35,1166,1146,1,AS
4/25/2020,Assam,7159,6781,35,479,390,0,AS
4/26/2020,Assam,7823,7474,35,664,693,0,AS
4/27/2020,Assam,8117,7985,35,294,511,0,AS
4/29/2020,Assam,9520,8771,37,1403,786,2,AS
5/2/2020,Assam,11623,10499,42,2103,1728,5,AS
5/4/2020,Assam,12775,11764,42,1152,1265,0,AS
5/5/2020,Assam,13442,12533,43,667,769,1,AS
5/9/2020,Assam,16167,15076,59,2725,2543,16,AS
5/10/2020,Assam,18002,16236,62,1835,1160,3,AS
5/11/2020,Assam,19589,17813,64,1587,1577,2,AS
5/12/2020,Assam,21791,19211,64,2202,1398,0,AS
5/14/2020,Assam,25824,23178,86,4033,3967,22,AS
4/5/2020,Bihar,3037,2299,32,3037,2299,32,BR
4/5/2020,Bihar,3037,2299,32,0,0,0,BR
4/8/2020,Bihar,4596,,38,1559,0,6,BR
4/9/2020,Bihar,4991,,43,395,0,5,BR
4/10/2020,Bihar,5457,,60,466,0,17,BR
4/11/2020,Bihar,6250,,61,793,0,1,BR
4/12/2020,Bihar,6703,,64,453,0,3,BR
4/13/2020,Bihar,7263,,65,560,0,1,BR
4/14/2020,Bihar,7727,,62,464,0,-3,BR
4/15/2020,Bihar,8263,,66,536,0,4,BR
4/16/2020,Bihar,8846,,72,583,0,6,BR
4/17/2020,Bihar,9486,,83,640,0,11,BR
4/18/2020,Bihar,10130,,85,644,0,2,BR
4/19/2020,Bihar,10745,,92,615,0,7,BR
4/20/2020,Bihar,11319,,96,574,0,4,BR
4/21/2020,Bihar,11999,,115,680,0,19,BR
4/22/2020,Bihar,12978,,136,979,0,21,BR
4/23/2020,Bihar,13785,,148,807,0,12,BR
4/24/2020,Bihar,14924,,176,1139,0,28,BR
4/25/2020,Bihar,15885,,238,961,0,62,BR
4/26/2020,Bihar,17041,,255,1156,0,17,BR
4/27/2020,Bihar,18179,,328,1138,0,73,BR
4/28/2020,Bihar,19790,,346,1611,0,18,BR
4/29/2020,Bihar,21180,,383,1390,0,37,BR
4/30/2020,Bihar,22672,,409,1492,0,26,BR
5/1/2020,Bihar,24118,,466,1446,0,57,BR
5/2/2020,Bihar,25724,,476,1606,0,10,BR
5/3/2020,Bihar,26951,,485,1227,0,9,BR
5/4/2020,Bihar,28345,,525,1394,0,40,BR
5/5/2020,Bihar,28791,,529,446,0,4,BR
5/6/2020,Bihar,29328,,539,537,0,10,BR
5/7/2020,Bihar,29841,,547,513,0,8,BR
5/8/2020,Bihar,30320,,564,479,0,17,BR
5/9/2020,Bihar,31552,,585,1232,0,21,BR
5/10/2020,Bihar,32670,,653,1118,0,68,BR
5/11/2020,Bihar,34662,,714,1992,0,61,BR
5/12/2020,Bihar,37430,,796,2768,0,82,BR
5/13/2020,Bihar,39149,,909,1719,0,113,BR
5/14/2020,Bihar,40782,,970,1633,0,61,BR
5/15/2020,Bihar,42645,,1010,1863,0,40,BR
4/2/2020,Chandigarh,124,98,18,124,98,18,CH
4/8/2020,Chandigarh,184,162,18,60,64,0,CH
4/10/2020,Chandigarh,223,199,19,39,37,1,CH
4/11/2020,Chandigarh,264,223,19,41,24,0,CH
4/12/2020,Chandigarh,279,247,21,15,24,2,CH
4/13/2020,Chandigarh,296,263,21,17,16,0,CH
4/14/2020,Chandigarh,309,285,21,13,22,0,CH
4/15/2020,Chandigarh,317,293,21,8,8,0,CH
4/16/2020,Chandigarh,337,315,21,20,22,0,CH
4/17/2020,Chandigarh,358,335,21,21,20,0,CH
4/18/2020,Chandigarh,381,348,23,23,13,2,CH
4/19/2020,Chandigarh,430,388,26,49,40,3,CH
4/20/2020,Chandigarh,453,417,26,23,29,0,CH
4/21/2020,Chandigarh,497,445,27,44,28,1,CH
4/22/2020,Chandigarh,529,492,27,32,47,0,CH
4/23/2020,Chandigarh,599,557,27,70,65,0,CH
4/24/2020,Chandigarh,638,603,27,39,46,0,CH
4/25/2020,Chandigarh,734,668,28,96,65,1,CH
4/26/2020,Chandigarh,756,677,30,22,9,2,CH
4/27/2020,Chandigarh,843,777,40,87,100,10,CH
4/28/2020,Chandigarh,924,857,56,81,80,16,CH
4/29/2020,Chandigarh,1012,922,67,88,65,11,CH
4/30/2020,Chandigarh,1147,1022,74,135,100,7,CH
5/1/2020,Chandigarh,1252,1131,88,105,109,14,CH
5/2/2020,Chandigarh,1462,1339,94,210,208,6,CH
5/3/2020,Chandigarh,1616,1491,97,154,152,3,CH
5/4/2020,Chandigarh,1678,1545,102,62,54,5,CH
5/5/2020,Chandigarh,1713,1576,115,35,31,13,CH
5/6/2020,Chandigarh,1785,1641,120,72,65,5,CH
5/7/2020,Chandigarh,1845,1698,129,60,57,9,CH
5/8/2020,Chandigarh,1913,1748,146,68,50,17,CH
5/9/2020,Chandigarh,2055,1871,169,142,123,23,CH
5/10/2020,Chandigarh,2142,1947,173,87,76,4,CH
5/11/2020,Chandigarh,2177,1978,173,35,31,0,CH
5/12/2020,Chandigarh,2276,2069,187,99,91,14,CH
5/13/2020,Chandigarh,2420,2206,189,144,137,2,CH
5/14/2020,Chandigarh,2505,2299,191,85,93,2,CH
5/15/2020,Chandigarh,2586,2383,191,81,84,0,CH
4/2/2020,Chhattisgarh,1232,921,9,1232,921,9,CT
4/10/2020,Chhattisgarh,3473,3322,18,2241,2401,9,CT
4/11/2020,Chhattisgarh,3858,3503,18,385,181,0,CT
4/12/2020,Chhattisgarh,3945,3856,31,87,353,13,CT
4/13/2020,Chhattisgarh,4377,3969,31,432,113,0,CT
4/14/2020,Chhattisgarh,4812,4319,33,435,350,2,CT
4/15/2020,Chhattisgarh,5122,4878,33,310,559,0,CT
4/16/2020,Chhattisgarh,5519,5168,33,397,290,0,CT
4/17/2020,Chhattisgarh,5776,5484,36,257,316,3,CT
4/18/2020,Chhattisgarh,5776,5484,36,0,0,0,CT
4/19/2020,Chhattisgarh,6675,6086,36,899,602,0,CT
4/20/2020,Chhattisgarh,7601,7029,36,926,943,0,CT
4/21/2020,Chhattisgarh,8272,7555,36,671,526,0,CT
4/22/2020,Chhattisgarh,9220,8296,36,948,741,0,CT
4/23/2020,Chhattisgarh,10346,9206,36,1126,910,0,CT
4/24/2020,Chhattisgarh,11386,10213,36,1040,1007,0,CT
4/25/2020,Chhattisgarh,12596,11168,37,1210,955,1,CT
4/26/2020,Chhattisgarh,13786,12406,37,1190,1238,0,CT
4/27/2020,Chhattisgarh,14987,13882,37,1201,1476,0,CT
4/28/2020,Chhattisgarh,15737,14953,38,750,1071,1,CT
4/29/2020,Chhattisgarh,16546,15658,38,809,705,0,CT
4/30/2020,Chhattisgarh,17541,16602,40,995,944,2,CT
5/1/2020,Chhattisgarh,18039,17199,43,498,597,3,CT
5/3/2020,Chhattisgarh,19902,18848,57,1863,1649,14,CT
5/5/2020,Chhattisgarh,21323,20300,58,1421,1452,1,CT
5/6/2020,Chhattisgarh,22188,20873,59,865,573,1,CT
5/8/2020,Chhattisgarh,23629,22509,59,1441,1636,0,CT
5/9/2020,Chhattisgarh,24506,23326,59,877,817,0,CT
5/10/2020,Chhattisgarh,25282,24186,59,776,860,0,CT
5/12/2020,Chhattisgarh,27339,25741,59,2057,1555,0,CT
5/13/2020,Chhattisgarh,28837,27012,59,1498,1271,0,CT
5/14/2020,Chhattisgarh,29697,28234,59,860,1222,0,CT
4/9/2020,Dadra and Nagar Haveli and Daman and Diu,80,80,0,80,80,0,DN
4/10/2020,Dadra and Nagar Haveli and Daman and Diu,130,130,0,50,50,0,DN
4/11/2020,Dadra and Nagar Haveli and Daman and Diu,211,211,0,81,81,0,DN
4/1/2020,Delhi,2621,,,2621,0,0,DL
4/7/2020,Delhi,9041,7308,576,6420,7308,576,DL
4/9/2020,Delhi,9968,8643,720,927,1335,144,DL
4/10/2020,Delhi,11061,9662,903,1093,1019,183,DL
4/11/2020,Delhi,11709,10218,1069,648,556,166,DL
4/12/2020,Delhi,14036,11748,1154,2327,1530,85,DL
4/13/2020,Delhi,15032,12283,1510,996,535,356,DL
4/14/2020,Delhi,16282,13748,1561,1250,1465,51,DL
4/15/2020,Delhi,16605,13865,1578,323,117,17,DL
4/16/2020,Delhi,18784,14692,1640,2179,827,62,DL
4/17/2020,Delhi,21409,16899,1707,2625,2207,67,DL
4/18/2020,Delhi,22283,17449,1893,874,550,186,DL
4/19/2020,Delhi,24387,19393,2003,2104,1944,110,DL
4/20/2020,Delhi,25900,20712,2081,1513,1319,78,DL
4/21/2020,Delhi,26627,21810,2156,727,1098,75,DL
4/22/2020,Delhi,28309,22713,2248,1682,903,92,DL
4/23/2020,Delhi,30560,24538,2375,2251,1825,127,DL
4/24/2020,Delhi,33672,26552,2514,3112,2014,139,DL
4/25/2020,Delhi,35519,28693,2625,1847,2141,111,DL
4/26/2020,Delhi,37613,31919,2918,2094,3226,293,DL
4/27/2020,Delhi,39911,34145,3108,2298,2226,190,DL
4/28/2020,Delhi,43370,36195,3314,3459,2050,206,DL
4/29/2020,Delhi,47225,39920,3439,3855,3725,125,DL
5/2/2020,Delhi,58210,,4122,10985,0,683,DL
5/3/2020,Delhi,60246,,4549,2036,0,427,DL
5/4/2020,Delhi,64108,,4898,3862,0,349,DL
5/5/2020,Delhi,67852,,5104,3744,0,206,DL
5/6/2020,Delhi,71934,,5532,4082,0,428,DL
5/7/2020,Delhi,77234,,5980,5300,0,448,DL
5/8/2020,Delhi,81367,,6318,4133,0,338,DL
5/9/2020,Delhi,84226,,6542,2859,0,224,DL
5/10/2020,Delhi,93810,,6923,9584,0,381,DL
5/11/2020,Delhi,97678,,7233,3868,0,310,DL
5/12/2020,Delhi,106109,,7639,8431,0,406,DL
5/13/2020,Delhi,113345,,7998,7236,0,359,DL
5/14/2020,Delhi,119736,,8470,6391,0,472,DL
5/15/2020,Delhi,125189,,8895,5453,0,425,DL
4/2/2020,Goa,220,197,5,220,197,5,GA
4/9/2020,Goa,344,,7,124,0,2,GA
4/10/2020,Goa,354,,7,10,0,0,GA
4/12/2020,Goa,406,,7,52,0,0,GA
4/13/2020,Goa,440,,7,34,0,0,GA
4/14/2020,Goa,479,,7,39,0,0,GA
4/15/2020,Goa,556,,7,77,0,0,GA
4/16/2020,Goa,611,,7,55,0,0,GA
4/17/2020,Goa,673,,7,62,0,0,GA
4/18/2020,Goa,758,,7,85,0,0,GA
4/19/2020,Goa,826,,7,68,0,0,GA
4/20/2020,Goa,901,,7,75,0,0,GA
4/21/2020,Goa,1004,,7,103,0,0,GA
4/22/2020,Goa,1116,,7,112,0,0,GA
4/23/2020,Goa,1206,,7,90,0,0,GA
4/27/2020,Goa,1541,,7,335,0,0,GA
4/28/2020,Goa,1776,,7,235,0,0,GA
4/29/2020,Goa,1871,,7,95,0,0,GA
4/30/2020,Goa,2031,,7,160,0,0,GA
5/1/2020,Goa,2181,,7,150,0,0,GA
5/2/2020,Goa,2372,,7,191,0,0,GA
5/3/2020,Goa,2548,,7,176,0,0,GA
5/4/2020,Goa,2899,,7,351,0,0,GA
5/5/2020,Goa,3096,,7,197,0,0,GA
5/6/2020,Goa,3411,,7,315,0,0,GA
5/8/2020,Goa,4140,,7,729,0,0,GA
5/9/2020,Goa,4524,,7,384,0,0,GA
5/10/2020,Goa,4848,,7,324,0,0,GA
5/11/2020,Goa,5307,,7,459,0,0,GA
5/14/2020,Goa,6736,,7,1429,0,0,GA
4/8/2020,Gujarat,4224,3905,186,4224,3905,186,GJ
4/10/2020,Gujarat,7718,7237,378,3494,3332,192,GJ
4/11/2020,Gujarat,9763,8888,468,2045,1651,90,GJ
4/12/2020,Gujarat,11715,10867,516,1952,1979,48,GJ
4/13/2020,Gujarat,14251,12970,572,2536,2103,56,GJ
4/14/2020,Gujarat,14980,14363,617,729,1393,45,GJ
4/15/2020,Gujarat,19197,18431,766,4217,4068,149,GJ
4/16/2020,Gujarat,20903,19974,929,1706,1543,163,GJ
4/17/2020,Gujarat,23483,22339,1099,2580,2365,170,GJ
4/18/2020,Gujarat,26102,24726,1376,2619,2387,277,GJ
4/19/2020,Gujarat,29104,27361,1743,3002,2635,367,GJ
4/20/2020,Gujarat,33316,31377,1939,4212,4016,196,GJ
4/21/2020,Gujarat,36829,34651,2178,3513,3274,239,GJ
4/22/2020,Gujarat,39421,37014,2407,2592,2363,229,GJ
4/23/2020,Gujarat,42384,39760,2624,2963,2746,217,GJ
4/24/2020,Gujarat,46743,41007,2815,4359,1247,191,GJ
4/25/2020,Gujarat,48315,45254,3061,1572,4247,246,GJ
4/26/2020,Gujarat,51091,47790,3301,2776,2536,240,GJ
4/27/2020,Gujarat,53575,50028,3547,2484,2238,246,GJ
4/28/2020,Gujarat,56101,52327,3774,2526,2299,227,GJ
4/29/2020,Gujarat,59488,55406,4082,3387,3079,308,GJ
4/30/2020,Gujarat,64007,59612,4395,4519,4206,313,GJ
5/1/2020,Gujarat,68774,64053,4721,4767,4441,326,GJ
5/2/2020,Gujarat,74116,69062,5054,5342,5009,333,GJ
5/3/2020,Gujarat,80060,74632,5428,5944,5570,374,GJ
5/4/2020,Gujarat,84648,78844,5804,4588,4212,376,GJ
5/5/2020,Gujarat,89632,83387,6245,4984,4543,441,GJ
5/6/2020,Gujarat,95191,88566,6625,5559,5179,380,GJ
5/7/2020,Gujarat,100553,93540,7013,5362,4974,388,GJ
5/8/2020,Gujarat,105386,97984,7403,4833,4444,390,GJ
5/9/2020,Gujarat,109650,101853,7797,4264,3869,394,GJ
5/10/2020,Gujarat,113493,105298,8195,3843,3445,398,GJ
5/11/2020,Gujarat,116470,107929,8541,2977,2631,346,GJ
5/12/2020,Gujarat,119536,110633,8903,3066,2704,362,GJ
5/13/2020,Gujarat,122297,113029,9268,2761,2396,365,GJ
5/14/2020,Gujarat,124708,115117,9591,2411,2088,323,GJ
5/15/2020,Gujarat,127859,117927,9932,3151,2810,341,GJ
4/3/2020,Haryana,1325,938,44,1325,938,44,HR
4/7/2020,Haryana,2520,1821,141,1195,883,97,HR
4/8/2020,Haryana,2650,1885,153,130,64,12,HR
4/9/2020,Haryana,2964,2017,156,314,132,3,HR
4/10/2020,Haryana,3527,2447,162,563,430,6,HR
4/11/2020,Haryana,3663,2472,165,136,25,3,HR
4/12/2020,Haryana,3903,2513,181,240,41,16,HR
4/13/2020,Haryana,4489,2961,182,586,448,1,HR
4/14/2020,Haryana,5210,3681,184,721,720,2,HR
4/15/2020,Haryana,7388,5581,190,2178,1900,6,HR
4/16/2020,Haryana,8064,6465,214,676,884,24,HR
4/17/2020,Haryana,8884,7148,223,820,683,9,HR
4/18/2020,Haryana,10454,8093,232,1570,945,9,HR
4/19/2020,Haryana,12687,10230,250,2233,2137,18,HR
4/20/2020,Haryana,13894,11523,251,1207,1293,1,HR
4/21/2020,Haryana,14562,12253,255,668,730,4,HR
4/22/2020,Haryana,15561,13397,264,999,1144,9,HR
4/23/2020,Haryana,17582,15452,270,2021,2055,6,HR
4/24/2020,Haryana,18845,16642,275,1263,1190,5,HR
4/25/2020,Haryana,20270,17787,287,1425,1145,12,HR
4/26/2020,Haryana,21467,19241,296,1197,1454,9,HR
4/27/2020,Haryana,22993,20702,301,1526,1461,5,HR
4/28/2020,Haryana,24826,22578,308,1833,1876,7,HR
4/29/2020,Haryana,26148,24071,311,1322,1493,3,HR
4/30/2020,Haryana,28202,25929,339,2054,1858,28,HR
5/1/2020,Haryana,30191,27784,357,1989,1855,18,HR
5/2/2020,Haryana,31200,28867,369,1009,1083,12,HR
5/3/2020,Haryana,35278,32583,442,4078,3716,73,HR
5/4/2020,Haryana,38183,34501,517,2905,1918,75,HR
5/5/2020,Haryana,40982,36806,548,2799,2305,31,HR
5/6/2020,Haryana,43279,38590,594,2297,1784,46,HR
5/7/2020,Haryana,46495,41861,625,3216,3271,31,HR
5/8/2020,Haryana,49746,43974,647,3251,2113,22,HR
5/9/2020,Haryana,53282,48468,675,3536,4494,28,HR
5/10/2020,Haryana,56983,51046,703,3701,2578,28,HR
5/11/2020,Haryana,59735,53697,730,2752,2651,27,HR
5/12/2020,Haryana,62377,56440,780,2642,2743,50,HR
5/13/2020,Haryana,65785,59890,793,3408,3450,13,HR
5/14/2020,Haryana,69191,63791,818,3406,3901,25,HR
5/15/2020,Haryana,72326,66687,854,3135,2896,36,HR
4/10/2020,Himachal Pradesh,900,870,30,900,870,30,HP
4/11/2020,Himachal Pradesh,900,870,30,0,0,0,HP
4/12/2020,Himachal Pradesh,1113,944,32,213,74,2,HP
4/13/2020,Himachal Pradesh,1210,1109,32,97,165,0,HP
4/14/2020,Himachal Pradesh,1311,1232,32,101,123,0,HP
4/15/2020,Himachal Pradesh,1426,1391,35,115,159,3,HP
4/16/2020,Himachal Pradesh,1604,1559,35,178,168,0,HP
4/17/2020,Himachal Pradesh,1992,1740,36,388,181,1,HP
4/18/2020,Himachal Pradesh,2207,2091,39,215,351,3,HP
4/19/2020,Himachal Pradesh,2553,2337,39,346,246,0,HP
4/20/2020,Himachal Pradesh,2892,2714,39,339,377,0,HP
4/21/2020,Himachal Pradesh,3341,2933,39,449,219,0,HP
4/22/2020,Himachal Pradesh,3700,3510,39,359,577,0,HP
4/23/2020,Himachal Pradesh,4020,3943,40,320,433,1,HP
4/24/2020,Himachal Pradesh,4328,4160,40,308,217,0,HP
4/25/2020,Himachal Pradesh,4623,4363,40,295,203,0,HP
4/26/2020,Himachal Pradesh,4901,4794,40,278,431,0,HP
4/27/2020,Himachal Pradesh,5106,5022,40,205,228,0,HP
4/28/2020,Himachal Pradesh,5391,5344,40,285,322,0,HP
4/29/2020,Himachal Pradesh,5772,5726,40,381,382,0,HP
4/30/2020,Himachal Pradesh,6133,6091,40,361,365,0,HP
5/1/2020,Himachal Pradesh,6472,6432,40,339,341,0,HP
5/2/2020,Himachal Pradesh,6836,6791,40,364,359,0,HP
5/3/2020,Himachal Pradesh,7185,7133,40,349,342,0,HP
5/4/2020,Himachal Pradesh,7430,7320,41,245,187,1,HP
5/5/2020,Himachal Pradesh,7893,7800,42,463,480,1,HP
5/6/2020,Himachal Pradesh,8491,8055,43,598,255,1,HP
5/7/2020,Himachal Pradesh,9005,8833,46,514,778,3,HP
5/8/2020,Himachal Pradesh,9522,9434,50,517,601,4,HP
5/9/2020,Himachal Pradesh,10208,10047,52,686,613,2,HP
5/10/2020,Himachal Pradesh,10791,10343,55,583,296,3,HP
5/11/2020,Himachal Pradesh,11267,11016,59,476,673,4,HP
5/12/2020,Himachal Pradesh,12224,11846,66,957,830,7,HP
5/13/2020,Himachal Pradesh,13190,12867,67,966,1021,1,HP
5/14/2020,Himachal Pradesh,14256,13307,70,1066,440,3,HP
5/15/2020,Himachal Pradesh,15557,15076,76,1301,1769,6,HP
4/5/2020,Jammu and Kashmir,1551,1429,106,1551,1429,106,JK
4/10/2020,Jammu and Kashmir,2961,2754,207,1410,1325,101,JK
4/11/2020,Jammu and Kashmir,3206,2982,224,245,228,17,JK
4/12/2020,Jammu and Kashmir,3600,3355,245,394,373,21,JK
4/13/2020,Jammu and Kashmir,4065,3795,270,465,440,25,JK
4/14/2020,Jammu and Kashmir,4619,4341,278,554,546,8,JK
4/15/2020,Jammu and Kashmir,5171,4871,300,552,530,22,JK
4/16/2020,Jammu and Kashmir,5680,5366,314,509,495,14,JK
4/17/2020,Jammu and Kashmir,6438,6110,328,758,744,14,JK
4/18/2020,Jammu and Kashmir,6937,6596,341,499,486,13,JK
4/19/2020,Jammu and Kashmir,7895,7545,350,958,949,9,JK
4/20/2020,Jammu and Kashmir,8612,8244,368,717,699,18,JK
4/21/2020,Jammu and Kashmir,9220,8840,380,608,596,12,JK
4/22/2020,Jammu and Kashmir,10039,9632,407,819,792,27,JK
4/23/2020,Jammu and Kashmir,10977,10550,427,938,918,20,JK
4/24/2020,Jammu and Kashmir,11764,11310,454,787,760,27,JK
4/25/2020,Jammu and Kashmir,12835,12341,494,1071,1031,40,JK
4/26/2020,Jammu and Kashmir,13959,13436,523,1124,1095,29,JK
4/27/2020,Jammu and Kashmir,14988,14442,546,1029,1006,23,JK
4/28/2020,Jammu and Kashmir,16619,16054,565,1631,1612,19,JK
4/29/2020,Jammu and Kashmir,18450,17869,581,1831,1815,16,JK
4/30/2020,Jammu and Kashmir,19746,19132,614,1296,1263,33,JK
5/1/2020,Jammu and Kashmir,21695,21056,639,1949,1924,25,JK
5/2/2020,Jammu and Kashmir,23406,22794,666,1711,1738,27,JK
5/3/2020,Jammu and Kashmir,26038,25337,701,2632,2543,35,JK
5/4/2020,Jammu and Kashmir,28199,27473,726,2161,2136,25,JK
5/5/2020,Jammu and Kashmir,31312,30571,741,3113,3098,15,JK
5/6/2020,Jammu and Kashmir,34277,33502,775,2965,2931,34,JK
5/7/2020,Jammu and Kashmir,37706,36913,793,3429,3411,18,JK
5/8/2020,Jammu and Kashmir,42427,41604,823,4721,4691,30,JK
5/9/2020,Jammu and Kashmir,44753,43917,836,2326,2313,13,JK
5/10/2020,Jammu and Kashmir,47080,46291,861,2327,2374,25,JK
5/11/2020,Jammu and Kashmir,51334,50455,879,4254,4164,18,JK
5/12/2020,Jammu and Kashmir,53726,52792,934,2392,2337,55,JK
5/13/2020,Jammu and Kashmir,57111,56140,971,3385,3348,37,JK
5/14/2020,Jammu and Kashmir,63515,62532,983,6404,6392,12,JK
5/15/2020,Jammu and Kashmir,70306,69293,1013,6791,6761,30,JK
4/10/2020,Jharkhand,1340,1326,14,1340,1326,14,JH
4/11/2020,Jharkhand,1546,1529,17,206,203,3,JH
4/12/2020,Jharkhand,1683,1666,17,137,137,0,JH
4/13/2020,Jharkhand,1982,1963,19,299,297,2,JH
4/14/2020,Jharkhand,2334,2307,27,352,344,8,JH
4/17/2020,Jharkhand,3143,3111,32,809,804,5,JH
4/18/2020,Jharkhand,3431,3398,33,288,287,1,JH
4/19/2020,Jharkhand,3646,3608,38,215,210,5,JH
4/20/2020,Jharkhand,4235,4190,45,589,582,7,JH
4/22/2020,Jharkhand,5176,5127,49,941,937,4,JH
4/23/2020,Jharkhand,5380,5327,53,204,200,4,JH
4/24/2020,Jharkhand,6162,6105,57,782,778,4,JH
4/25/2020,Jharkhand,6970,6903,67,808,798,10,JH
4/26/2020,Jharkhand,7806,7724,82,836,821,15,JH
4/27/2020,Jharkhand,8757,8654,103,951,930,21,JH
4/28/2020,Jharkhand,9408,9303,105,651,649,2,JH
4/29/2020,Jharkhand,10268,10161,107,860,858,2,JH
4/30/2020,Jharkhand,10987,10878,109,719,717,2,JH
5/1/2020,Jharkhand,11771,11658,113,784,780,4,JH
5/2/2020,Jharkhand,12393,12278,115,622,620,2,JH
5/3/2020,Jharkhand,13055,12940,115,662,662,0,JH
5/4/2020,Jharkhand,13832,13717,115,777,777,0,JH
5/5/2020,Jharkhand,15064,14939,125,1232,1222,10,JH
5/6/2020,Jharkhand,15908,15799,127,844,860,2,JH
5/7/2020,Jharkhand,17101,16969,132,1193,1170,5,JH
5/8/2020,Jharkhand,17219,17087,132,118,118,0,JH
5/9/2020,Jharkhand,18632,18478,154,1413,1391,22,JH
5/10/2020,Jharkhand,20832,20675,157,2200,2197,3,JH
5/11/2020,Jharkhand,21201,21041,160,369,366,3,JH
5/12/2020,Jharkhand,22815,22651,164,1614,1610,4,JH
5/13/2020,Jharkhand,25769,25592,177,2954,2941,13,JH
5/14/2020,Jharkhand,27789,27592,197,2020,2000,20,JH
5/15/2020,Jharkhand,29236,29025,211,1447,1433,14,JH
4/3/2020,Karnataka,4587,4281,128,4587,4281,128,KA
4/7/2020,Karnataka,6580,5942,175,1993,1661,47,KA
4/8/2020,Karnataka,6967,6473,181,387,531,6,KA
4/9/2020,Karnataka,7613,7176,197,646,703,16,KA
4/10/2020,Karnataka,7975,7673,207,362,497,10,KA
4/11/2020,Karnataka,8560,8231,215,585,558,8,KA
4/12/2020,Karnataka,9251,8831,232,691,600,17,KA
4/13/2020,Karnataka,10017,9572,247,766,741,15,KA
4/14/2020,Karnataka,11107,10554,260,1090,982,13,KA
4/15/2020,Karnataka,12483,11905,279,1376,1351,19,KA
4/16/2020,Karnataka,13724,13074,315,1241,1169,36,KA
4/17/2020,Karnataka,17594,14606,359,3870,1532,44,KA
4/18/2020,Karnataka,19186,15658,384,1592,1052,25,KA
4/19/2020,Karnataka,21367,17662,390,2181,2004,6,KA
4/20/2020,Karnataka,23460,19497,408,2093,1835,18,KA
4/21/2020,Karnataka,26233,22222,418,2773,2725,10,KA
4/22/2020,Karnataka,29512,25424,427,3279,3202,9,KA
4/23/2020,Karnataka,32122,28174,445,2610,2750,18,KA
4/24/2020,Karnataka,35958,31914,474,3836,3740,29,KA
4/25/2020,Karnataka,39083,34888,500,3125,2974,26,KA
4/26/2020,Karnataka,42964,38207,503,3881,3319,3,KA
4/27/2020,Karnataka,45685,43791,512,2721,5584,9,KA
4/28/2020,Karnataka,50512,48508,523,4827,4717,11,KA
4/29/2020,Karnataka,55404,53241,535,4892,4733,12,KA
4/30/2020,Karnataka,60156,57548,565,4752,4307,30,KA
5/1/2020,Karnataka,64898,61855,589,4742,4307,24,KA
5/2/2020,Karnataka,69730,66475,601,4832,4620,12,KA
5/3/2020,Karnataka,74898,70998,614,5168,4523,13,KA
5/4/2020,Karnataka,79193,74664,651,4295,3666,37,KA
5/5/2020,Karnataka,83806,78860,673,4613,4196,22,KA
5/6/2020,Karnataka,88777,83056,693,4971,4196,20,KA
5/7/2020,Karnataka,93535,87756,705,4758,4700,12,KA
5/8/2020,Karnataka,98081,92237,753,4546,4481,48,KA
5/9/2020,Karnataka,103098,97326,794,5017,5089,41,KA
5/10/2020,Karnataka,107311,102266,848,4213,4940,54,KA
5/11/2020,Karnataka,111595,106467,862,4284,4201,14,KA
5/12/2020,Karnataka,116533,111264,925,4938,4797,63,KA
5/13/2020,Karnataka,121178,119420,959,4645,8156,34,KA
5/14/2020,Karnataka,128373,126766,987,7195,7346,28,KA
5/15/2020,Karnataka,133724,132074,1056,5351,5308,69,KA
4/1/2020,Kerala,7965,7256,265,7965,7256,265,KL
4/2/2020,Kerala,8456,7622,286,491,366,21,KL
4/3/2020,Kerala,9139,8126,295,683,504,9,KL
4/4/2020,Kerala,9744,8586,306,605,460,11,KL
4/5/2020,Kerala,10221,9300,314,477,714,8,KL
4/6/2020,Kerala,10716,9607,327,495,307,13,KL
4/7/2020,Kerala,11232,10250,336,516,643,9,KL
4/8/2020,Kerala,11986,10906,354,754,656,18,KL
4/9/2020,Kerala,12710,11469,357,724,563,3,KL
4/10/2020,Kerala,13339,12335,364,629,866,7,KL
4/11/2020,Kerala,14163,12818,373,824,483,9,KL
4/12/2020,Kerala,14989,13802,375,826,984,2,KL
4/13/2020,Kerala,15683,14829,378,694,1027,3,KL
4/14/2020,Kerala,16235,15488,386,552,659,8,KL
4/15/2020,Kerala,16475,16002,387,240,514,1,KL
4/16/2020,Kerala,17400,16459,394,925,457,7,KL
4/17/2020,Kerala,18029,17279,395,629,820,1,KL
4/18/2020,Kerala,18774,17763,399,745,484,4,KL
4/19/2020,Kerala,19351,18547,401,577,784,2,KL
4/20/2020,Kerala,19756,19074,408,405,527,7,KL
4/21/2020,Kerala,20252,19442,426,496,368,18,KL
4/22/2020,Kerala,20821,19998,437,569,556,11,KL
4/23/2020,Kerala,21334,20326,447,513,328,10,KL
4/24/2020,Kerala,21940,20830,450,606,504,3,KL
4/25/2020,Kerala,22360,21475,457,420,645,7,KL
4/26/2020,Kerala,22954,21997,468,594,522,11,KL
4/27/2020,Kerala,23271,22537,481,317,540,13,KL
4/28/2020,Kerala,23980,23277,485,709,740,4,KL
4/29/2020,Kerala,24952,23880,495,972,603,10,KL
4/30/2020,Kerala,25973,25135,497,1021,1255,2,KL
5/1/2020,Kerala,27150,26225,497,1177,1090,0,KL
5/2/2020,Kerala,31183,30358,499,4033,4133,2,KL
5/3/2020,Kerala,32217,31611,499,1034,1253,0,KL
5/4/2020,Kerala,33010,32315,499,793,704,0,KL
5/5/2020,Kerala,33800,33265,502,790,950,3,KL
5/6/2020,Kerala,34599,34063,502,799,798,0,KL
5/7/2020,Kerala,35171,34519,502,572,456,0,KL
5/8/2020,Kerala,35886,35355,503,715,836,1,KL
5/9/2020,Kerala,36648,36002,505,762,647,2,KL
5/10/2020,Kerala,37464,36630,512,816,628,7,KL
5/11/2020,Kerala,37858,37098,512,394,468,0,KL
5/12/2020,Kerala,38547,37727,524,689,629,12,KL
5/13/2020,Kerala,39380,38509,534,833,782,10,KL
5/14/2020,Kerala,40692,39619,560,1312,1110,26,KL
5/15/2020,Kerala,42201,40639,576,1509,1020,16,KL
4/13/2020,Ladakh,618,,17,618,0,17,LA
4/14/2020,Ladakh,760,615,17,142,615,0,LA
4/15/2020,Ladakh,820,657,18,60,42,1,LA
4/16/2020,Ladakh,917,695,18,97,38,0,LA
4/19/2020,Ladakh,991,797,18,74,102,0,LA
4/21/2020,Ladakh,1137,896,18,146,99,0,LA
4/29/2020,Ladakh,1949,1299,22,812,403,4,LA
4/30/2020,Ladakh,2245,1384,22,296,85,0,LA
5/1/2020,Ladakh,2430,1545,22,185,161,0,LA
5/2/2020,Ladakh,2434,1618,23,4,73,1,LA
5/3/2020,Ladakh,2434,1674,41,0,56,18,LA
5/4/2020,Ladakh,2639,1879,41,205,205,0,LA
5/9/2020,Ladakh,3503,2948,42,864,1069,1,LA
5/13/2020,Ladakh,3683,3353,43,180,405,1,LA
4/5/2020,Madhya Pradesh,2812,1954,193,2812,1954,193,MP
4/7/2020,Madhya Pradesh,3770,3125,290,958,1171,97,MP
4/8/2020,Madhya Pradesh,4056,3443,341,286,318,51,MP
4/9/2020,Madhya Pradesh,5135,3989,411,1079,546,70,MP
4/10/2020,Madhya Pradesh,7049,4840,451,1914,851,40,MP
4/11/2020,Madhya Pradesh,8516,5790,529,1467,950,78,MP
4/12/2020,Madhya Pradesh,10481,6875,562,1965,1085,33,MP
4/13/2020,Madhya Pradesh,10481,6875,614,0,0,52,MP
4/14/2020,Madhya Pradesh,8105,7103,741,-2376,228,127,MP
4/15/2020,Madhya Pradesh,9596,8658,938,1491,1555,197,MP
4/16/2020,Madhya Pradesh,13492,12326,1164,3896,3668,226,MP
4/17/2020,Madhya Pradesh,15302,13992,1310,1810,1666,146,MP
4/18/2020,Madhya Pradesh,14978,13576,1402,-324,-416,92,MP
4/19/2020,Madhya Pradesh,17835,16428,1407,2857,2852,5,MP
4/20/2020,Madhya Pradesh,19142,17657,1485,1307,1229,78,MP
4/21/2020,Madhya Pradesh,20905,19353,1552,1763,1696,67,MP
4/22/2020,Madhya Pradesh,22664,21077,1587,1759,1724,35,MP
4/23/2020,Madhya Pradesh,24548,22861,1687,1884,1784,100,MP
4/24/2020,Madhya Pradesh,26233,24387,1846,1685,1526,159,MP
4/25/2020,Madhya Pradesh,27866,25921,1945,1633,1534,99,MP
4/26/2020,Madhya Pradesh,25232,21716,2090,-2634,-4205,145,MP
4/27/2020,Madhya Pradesh,27009,23500,2165,1777,1784,75,MP
4/28/2020,Madhya Pradesh,31060,26159,2387,4051,2659,222,MP
4/29/2020,Madhya Pradesh,33837,29261,2560,2777,3102,173,MP
4/30/2020,Madhya Pradesh,41712,29816,2625,7875,555,65,MP
5/1/2020,Madhya Pradesh,44116,39353,2715,2404,9537,90,MP
5/2/2020,Madhya Pradesh,46578,41460,2788,2462,2107,73,MP
5/3/2020,Madhya Pradesh,49186,43937,2837,2608,2477,49,MP
5/4/2020,Madhya Pradesh,52095,46634,2942,2909,2697,105,MP
5/5/2020,Madhya Pradesh,54595,48931,3049,2500,2297,107,MP
5/6/2020,Madhya Pradesh,54595,51479,3138,0,2548,89,MP
5/7/2020,Madhya Pradesh,61020,55002,3252,6425,3523,114,MP
5/8/2020,Madhya Pradesh,63705,57528,3341,2685,2526,89,MP
5/9/2020,Madhya Pradesh,68010,61629,3457,4305,4101,116,MP
5/10/2020,Madhya Pradesh,72069,65436,3614,4059,3807,157,MP
5/11/2020,Madhya Pradesh,76039,69187,3785,3970,3751,171,MP
5/12/2020,Madhya Pradesh,80885,73761,3986,4846,4574,201,MP
5/13/2020,Madhya Pradesh,85903,77738,4173,5018,3977,187,MP
5/14/2020,Madhya Pradesh,89760,82028,4426,3857,4290,253,MP
5/15/2020,Madhya Pradesh,93849,85879,4595,4089,3851,169,MP
4/5/2020,Maharashtra,16008,14837,,16008,14837,0,MH
4/6/2020,Maharashtra,17563,15808,868,1555,971,868,MH
4/7/2020,Maharashtra,20877,19290,1018,3314,3482,150,MH
4/9/2020,Maharashtra,20877,19290,868,0,0,-150,MH
4/10/2020,Maharashtra,30000,28865,1135,9123,9575,267,MH
4/11/2020,Maharashtra,31841,30477,1761,1841,1612,626,MH
4/12/2020,Maharashtra,35668,34094,1761,3827,3617,0,MH
4/13/2020,Maharashtra,39725,37964,1996,4057,3870,235,MH
4/14/2020,Maharashtra,41071,39089,2340,1346,1125,344,MH
4/15/2020,Maharashtra,45142,42808,2690,4071,3719,350,MH
4/16/2020,Maharashtra,50882,48198,2916,5740,5390,226,MH
4/17/2020,Maharashtra,55678,52762,3204,4796,4564,288,MH
4/18/2020,Maharashtra,60166,56964,3323,4488,4202,119,MH
4/19/2020,Maharashtra,66796,63476,3651,6630,6512,328,MH
4/20/2020,Maharashtra,71321,67673,4204,4525,4197,553,MH
4/21/2020,Maharashtra,75838,71638,4676,4517,3965,472,MH
4/22/2020,Maharashtra,82304,77638,5229,6466,6000,553,MH
4/23/2020,Maharashtra,89197,83979,5218,6893,6341,-11,MH
4/24/2020,Maharashtra,95210,89561,6427,6013,5582,1209,MH
4/25/2020,Maharashtra,100912,94485,6817,5702,4924,390,MH
4/26/2020,Maharashtra,107979,101162,7928,7067,6677,1111,MH
4/27/2020,Maharashtra,115147,107519,8068,7168,6357,140,MH
4/28/2020,Maharashtra,120620,112552,8590,5473,5033,522,MH
4/29/2020,Maharashtra,128726,120136,9318,8106,7584,728,MH
4/30/2020,Maharashtra,135694,126376,9915,6968,6240,597,MH
5/1/2020,Maharashtra,144159,134244,10498,8465,7868,583,MH
5/2/2020,Maharashtra,151085,140587,11506,6926,6343,1008,MH
5/3/2020,Maharashtra,159754,148248,12296,8669,7661,790,MH
5/4/2020,Maharashtra,168374,156078,12974,8620,7830,678,MH
5/5/2020,Maharashtra,175323,162349,14541,6949,6271,1567,MH
5/6/2020,Maharashtra,181746,167205,15525,6423,4856,984,MH
5/7/2020,Maharashtra,189220,173838,16758,7474,6633,1233,MH
5/8/2020,Maharashtra,200477,183862,17974,11257,10024,1216,MH
5/9/2020,Maharashtra,210174,192197,19063,9697,8335,1089,MH
5/10/2020,Maharashtra,225524,206481,20228,15350,14284,1165,MH
5/11/2020,Maharashtra,218914,193457,23401,-6610,-13024,3173,MH
5/12/2020,Maharashtra,222284,196165,23401,3370,2708,0,MH
5/13/2020,Maharashtra,231061,203536,24427,8777,7371,1026,MH
5/14/2020,Maharashtra,240482,211082,25922,9421,7546,1495,MH
5/15/2020,Maharashtra,250898,219635,27524,10416,8553,1602,MH
4/14/2020,Manipur,276,,2,276,0,2,MN
4/17/2020,Manipur,311,,2,35,0,0,MN
4/24/2020,Manipur,402,,2,91,0,0,MN
4/25/2020,Manipur,416,,2,14,0,0,MN
4/30/2020,Manipur,459,,2,43,0,0,MN
5/1/2020,Manipur,461,,2,2,0,0,MN
5/2/2020,Manipur,468,,2,7,0,0,MN
5/4/2020,Manipur,571,,2,103,0,0,MN
5/7/2020,Manipur,684,,2,113,0,0,MN
5/8/2020,Manipur,756,,2,72,0,0,MN
5/9/2020,Manipur,865,,2,109,0,0,MN
5/10/2020,Manipur,1096,,2,231,0,0,MN
5/11/2020,Manipur,1337,,2,241,0,0,MN
5/13/2020,Manipur,1706,,2,369,0,0,MN
2/16/2020,Meghalaya,552,299,7,552,299,7,ML
4/17/2020,Meghalaya,617,541,9,65,242,2,ML
4/18/2020,Meghalaya,738,667,11,121,126,2,ML
4/19/2020,Meghalaya,766,678,11,28,11,0,ML
4/20/2020,Meghalaya,838,714,11,72,36,0,ML
4/21/2020,Meghalaya,933,821,12,95,107,1,ML
4/22/2020,Meghalaya,1046,904,12,113,83,0,ML
4/23/2020,Meghalaya,1109,1000,12,63,96,0,ML
4/24/2020,Meghalaya,1130,1048,12,21,48,0,ML
4/25/2020,Meghalaya,1169,1097,12,39,49,0,ML
4/27/2020,Meghalaya,1254,1182,12,85,85,0,ML
4/28/2020,Meghalaya,1382,1202,12,128,20,0,ML
4/29/2020,Meghalaya,1397,1288,12,15,86,0,ML
4/30/2020,Meghalaya,1595,1433,12,198,145,0,ML
5/2/2020,Meghalaya,1707,1655,12,112,222,0,ML
5/4/2020,Meghalaya,1884,1782,12,177,127,0,ML
5/5/2020,Meghalaya,1944,1822,12,60,40,0,ML
5/7/2020,Meghalaya,2054,1967,12,110,145,0,ML
5/9/2020,Meghalaya,2287,2178,12,233,211,0,ML
5/10/2020,Meghalaya,2287,2178,13,0,0,1,ML
5/11/2020,Meghalaya,2480,2342,13,193,164,0,ML
5/15/2020,Meghalaya,2712,2597,13,232,255,0,ML
4/6/2020,Mizoram,58,0,1,58,0,1,MZ
4/7/2020,Mizoram,58,0,1,0,0,0,MZ
4/8/2020,Mizoram,74,,1,16,0,0,MZ
4/9/2020,Mizoram,84,,1,10,0,0,MZ
4/12/2020,Mizoram,87,,1,3,0,0,MZ
4/13/2020,Mizoram,89,,1,2,0,0,MZ
4/14/2020,Mizoram,91,,1,2,0,0,MZ
4/15/2020,Mizoram,94,,1,3,0,0,MZ
4/16/2020,Mizoram,94,,1,0,0,0,MZ
4/18/2020,Mizoram,102,,1,8,0,0,MZ
4/19/2020,Mizoram,116,,1,14,0,0,MZ
4/20/2020,Mizoram,132,,1,16,0,0,MZ
4/21/2020,Mizoram,135,,1,3,0,0,MZ
4/22/2020,Mizoram,135,,1,0,0,0,MZ
4/23/2020,Mizoram,137,,1,2,0,0,MZ
4/26/2020,Mizoram,146,,1,9,0,0,MZ
4/27/2020,Mizoram,146,,1,0,0,0,MZ
4/28/2020,Mizoram,158,,1,12,0,0,MZ
4/29/2020,Mizoram,179,,1,21,0,0,MZ
4/30/2020,Mizoram,180,,1,1,0,0,MZ
5/1/2020,Mizoram,180,,1,0,0,0,MZ
5/2/2020,Mizoram,183,,1,3,0,0,MZ
5/3/2020,Mizoram,183,,1,0,0,0,MZ
5/4/2020,Mizoram,183,,1,0,0,0,MZ
5/5/2020,Mizoram,188,,1,5,0,0,MZ
5/6/2020,Mizoram,195,,1,7,0,0,MZ
5/7/2020,Mizoram,197,,1,2,0,0,MZ
5/8/2020,Mizoram,199,,1,2,0,0,MZ
5/9/2020,Mizoram,201,,1,2,0,0,MZ
5/10/2020,Mizoram,201,,1,0,0,0,MZ
5/11/2020,Mizoram,206,,1,5,0,0,MZ
5/12/2020,Mizoram,224,,1,18,0,0,MZ
5/13/2020,Mizoram,224,,1,0,0,0,MZ
5/14/2020,Mizoram,273,,1,49,0,0,MZ
5/15/2020,Mizoram,273,,1,0,0,0,MZ
4/6/2020,Nagaland,60,47,0,60,47,0,NL
4/10/2020,Nagaland,70,69,0,10,22,0,NL
4/11/2020,Nagaland,70,70,0,0,1,0,NL
4/12/2020,Nagaland,74,70,0,4,0,0,NL
4/14/2020,Nagaland,174,97,0,100,27,0,NL
4/15/2020,Nagaland,184,174,0,10,77,0,NL
4/17/2020,Nagaland,274,222,0,90,48,0,NL
4/18/2020,Nagaland,392,292,0,118,70,0,NL
4/19/2020,Nagaland,404,345,0,12,53,0,NL
4/20/2020,Nagaland,434,404,0,30,59,0,NL
4/21/2020,Nagaland,537,456,0,103,52,0,NL
4/22/2020,Nagaland,543,481,0,6,25,0,NL
4/23/2020,Nagaland,607,543,0,64,62,0,NL
4/25/2020,Nagaland,613,607,0,6,64,0,NL
4/26/2020,Nagaland,613,613,0,0,6,0,NL
4/27/2020,Nagaland,629,613,0,16,0,0,NL
4/28/2020,Nagaland,639,620,0,10,7,0,NL
4/29/2020,Nagaland,644,631,0,5,11,0,NL
4/30/2020,Nagaland,653,640,0,9,9,0,NL
5/1/2020,Nagaland,664,650,0,11,10,0,NL
5/2/2020,Nagaland,674,661,0,10,11,0,NL
5/3/2020,Nagaland,684,663,0,10,2,0,NL
5/4/2020,Nagaland,708,679,0,24,16,0,NL
5/5/2020,Nagaland,724,771,0,16,92,0,NL
5/6/2020,Nagaland,763,712,0,39,-59,0,NL
5/7/2020,Nagaland,786,728,0,23,16,0,NL
5/8/2020,Nagaland,805,775,0,19,47,0,NL
5/9/2020,Nagaland,848,786,0,43,11,0,NL
5/10/2020,Nagaland,862,806,0,14,20,0,NL
5/11/2020,Nagaland,875,848,0,13,42,0,NL
5/12/2020,Nagaland,882,872,0,7,24,0,NL
5/13/2020,Nagaland,889,872,0,7,0,0,NL
5/14/2020,Nagaland,891,873,0,2,1,0,NL
4/3/2020,Odisha,1395,1108,20,1395,1108,20,OR
4/7/2020,Odisha,2441,,42,1046,0,22,OR
4/8/2020,Odisha,2441,2399,42,0,2399,0,OR
4/9/2020,Odisha,3249,3201,48,808,802,6,OR
4/10/2020,Odisha,3547,3497,50,298,296,2,OR
4/11/2020,Odisha,3551,3497,51,4,0,1,OR
4/12/2020,Odisha,3862,3808,54,311,311,3,OR
4/13/2020,Odisha,4170,4116,54,308,308,0,OR
4/14/2020,Odisha,4734,4678,56,564,562,2,OR
4/15/2020,Odisha,5537,5477,60,803,799,4,OR
4/16/2020,Odisha,6734,6674,60,1197,1197,0,OR
4/17/2020,Odisha,7577,7517,60,843,843,0,OR
4/18/2020,Odisha,8619,8559,60,1042,1042,0,OR
4/19/2020,Odisha,9690,9629,61,1071,1070,1,OR
4/20/2020,Odisha,10641,,68,951,0,7,OR
4/21/2020,Odisha,11748,,79,1107,0,11,OR
4/22/2020,Odisha,13775,,83,2027,0,4,OR
4/23/2020,Odisha,15984,,89,2209,0,6,OR
4/24/2020,Odisha,18458,,94,2474,0,5,OR
4/25/2020,Odisha,20599,,94,2141,0,0,OR
4/26/2020,Odisha,22816,,103,2217,0,9,OR
4/27/2020,Odisha,25103,,111,2287,0,8,OR
4/28/2020,Odisha,26687,,118,1584,0,7,OR
4/29/2020,Odisha,29108,,122,2421,0,4,OR
4/30/2020,Odisha,31696,,142,2588,0,20,OR
5/1/2020,Odisha,34133,,149,2437,0,7,OR
5/2/2020,Odisha,36593,,157,2460,0,8,OR
5/3/2020,Odisha,38658,,162,2065,0,5,OR
5/4/2020,Odisha,41128,,169,2470,0,7,OR
5/5/2020,Odisha,44663,,170,3535,0,1,OR
5/6/2020,Odisha,47454,,185,2791,0,15,OR
5/7/2020,Odisha,50514,,209,3060,0,24,OR
5/8/2020,Odisha,52974,,271,2460,0,62,OR
5/9/2020,Odisha,56322,,294,3348,0,23,OR
5/10/2020,Odisha,59780,,362,3458,0,68,OR
5/11/2020,Odisha,63478,,414,3698,0,52,OR
5/12/2020,Odisha,68057,,437,4579,0,23,OR
5/13/2020,Odisha,72756,,538,4699,0,101,OR
5/14/2020,Odisha,77150,,611,4394,0,73,OR
5/15/2020,Odisha,81919,,672,4769,0,61,OR
4/18/2020,Puducherry,1207,1159,7,1207,1159,7,PY
4/19/2020,Puducherry,1245,1214,7,38,55,0,PY
4/20/2020,Puducherry,1272,1232,7,27,18,0,PY
4/21/2020,Puducherry,1319,1272,7,47,40,0,PY
4/22/2020,Puducherry,1473,1354,7,154,82,0,PY
4/23/2020,Puducherry,1548,1513,7,75,159,0,PY
4/24/2020,Puducherry,1704,1657,7,156,144,0,PY
4/25/2020,Puducherry,1864,1793,8,160,136,1,PY
4/26/2020,Puducherry,1977,1902,8,113,109,0,PY
4/27/2020,Puducherry,2014,1942,8,37,40,0,PY
4/28/2020,Puducherry,2156,2099,8,142,157,0,PY
4/29/2020,Puducherry,2228,2150,8,72,51,0,PY
4/30/2020,Puducherry,2353,2292,8,125,142,0,PY
5/1/2020,Puducherry,2698,2583,9,345,291,1,PY
5/2/2020,Puducherry,2990,2902,12,292,319,3,PY
5/3/2020,Puducherry,3155,3097,12,165,195,0,PY
5/4/2020,Puducherry,3281,3220,12,126,123,0,PY
5/5/2020,Puducherry,3560,3444,12,279,224,0,PY
5/6/2020,Puducherry,3641,3554,12,81,110,0,PY
5/7/2020,Puducherry,3866,3766,13,225,212,1,PY
5/8/2020,Puducherry,4111,3866,15,245,100,2,PY
5/9/2020,Puducherry,4266,4028,16,155,162,1,PY
5/10/2020,Puducherry,4364,4273,17,98,245,1,PY
5/11/2020,Puducherry,4486,4416,17,122,143,0,PY
5/13/2020,Puducherry,4919,4832,18,433,416,1,PY
5/14/2020,Puducherry,5112,4963,18,193,131,0,PY
5/15/2020,Puducherry,5312,5162,21,200,199,3,PY
4/2/2020,Punjab,1434,1236,37,1434,1236,37,PB
4/8/2020,Punjab,2937,2614,106,1503,1378,69,PB
4/9/2020,Punjab,3192,2777,130,255,163,24,PB
4/10/2020,Punjab,3461,2972,151,269,195,21,PB
4/11/2020,Punjab,3909,3249,158,448,277,7,PB
4/12/2020,Punjab,4281,3590,170,372,341,12,PB
4/13/2020,Punjab,4480,3858,176,199,268,6,PB
4/14/2020,Punjab,4844,4047,184,364,189,8,PB
4/15/2020,Punjab,5193,4404,186,349,357,2,PB
4/16/2020,Punjab,5524,4727,197,331,323,11,PB
4/17/2020,Punjab,5988,5113,211,464,386,14,PB
4/18/2020,Punjab,6167,5354,234,179,241,23,PB
4/19/2020,Punjab,6607,5949,244,440,595,10,PB
4/20/2020,Punjab,6797,6273,245,190,324,1,PB
4/21/2020,Punjab,7355,6769,251,558,496,6,PB
4/22/2020,Punjab,7887,7100,257,532,331,6,PB
4/23/2020,Punjab,8757,7433,283,870,333,26,PB
4/24/2020,Punjab,10611,8310,298,1854,877,15,PB
4/25/2020,Punjab,13270,9392,308,2659,1082,10,PB
4/26/2020,Punjab,14317,10497,322,1047,1105,14,PB
4/27/2020,Punjab,15516,12333,330,1199,1836,8,PB
4/28/2020,Punjab,17021,13966,342,1505,1633,12,PB
4/29/2020,Punjab,18670,15690,375,1649,1724,33,PB
4/30/2020,Punjab,21205,17286,480,2535,1596,105,PB
5/1/2020,Punjab,23176,18222,585,1971,936,105,PB
5/2/2020,Punjab,24868,19316,772,1692,1094,187,PB
5/3/2020,Punjab,26439,20197,1102,1571,881,330,PB
5/4/2020,Punjab,28545,21295,1232,2106,1098,130,PB
5/5/2020,Punjab,30199,23352,1451,1654,2057,219,PB
5/6/2020,Punjab,32060,24303,1526,1861,951,75,PB
5/7/2020,Punjab,34701,28933,1644,2641,4630,118,PB
5/8/2020,Punjab,37950,31219,1731,3249,2286,87,PB
5/9/2020,Punjab,39462,33639,1762,1512,2420,31,PB
5/10/2020,Punjab,40962,35293,1823,1500,1654,61,PB
5/11/2020,Punjab,42306,37993,1877,1344,2700,54,PB
5/12/2020,Punjab,43999,39060,1914,1693,1067,37,PB
5/13/2020,Punjab,46026,40637,1924,2027,1577,10,PB
5/14/2020,Punjab,47408,42425,1935,1382,1788,11,PB
5/15/2020,Punjab,49301,44319,1932,1893,1894,-3,PB
4/5/2020,Rajasthan,12279,11439,260,12279,11439,260,RJ
4/7/2020,Rajasthan,17638,16401,363,5359,4962,103,RJ
4/8/2020,Rajasthan,17638,16401,363,0,0,0,RJ
4/9/2020,Rajasthan,19107,17851,463,1469,1450,100,RJ
4/10/2020,Rajasthan,22349,20698,561,3242,2847,98,RJ
4/11/2020,Rajasthan,24857,22583,678,2508,1885,117,RJ
4/12/2020,Rajasthan,28505,25105,796,3648,2522,118,RJ
4/13/2020,Rajasthan,31804,28657,847,3299,3552,51,RJ
4/14/2020,Rajasthan,34928,29376,1005,3124,719,158,RJ
4/15/2020,Rajasthan,37860,31902,1076,2932,2526,71,RJ
4/16/2020,Rajasthan,40778,33739,1101,2918,1837,25,RJ
4/17/2020,Rajasthan,42847,36153,1229,2069,2414,128,RJ
4/18/2020,Rajasthan,47197,39092,1282,4350,2939,53,RJ
4/19/2020,Rajasthan,51614,43537,1478,4417,4445,196,RJ
4/20/2020,Rajasthan,57290,47657,1576,5676,4120,98,RJ
4/21/2020,Rajasthan,61492,54100,1735,4202,6443,159,RJ
4/22/2020,Rajasthan,66257,58552,1888,4765,4452,153,RJ
4/23/2020,Rajasthan,69764,63485,1964,3507,4933,76,RJ
4/24/2020,Rajasthan,74484,68133,2034,4720,4648,70,RJ
4/25/2020,Rajasthan,78993,71806,2083,4509,3673,49,RJ
4/26/2020,Rajasthan,82942,75670,2185,3949,3864,102,RJ
4/27/2020,Rajasthan,87777,80830,2262,4835,5160,77,RJ
4/28/2020,Rajasthan,92506,85834,2364,4729,5004,102,RJ
4/29/2020,Rajasthan,97790,90108,2438,5284,4274,74,RJ
4/30/2020,Rajasthan,103704,,2584,5914,0,146,RJ
5/1/2020,Rajasthan,108543,100277,2666,4839,100277,82,RJ
5/2/2020,Rajasthan,113934,104705,2720,5391,4428,54,RJ
5/3/2020,Rajasthan,120240,112345,2886,6306,7640,166,RJ
5/4/2020,Rajasthan,129258,122513,3061,9018,10168,175,RJ
5/5/2020,Rajasthan,134987,128297,3158,5729,5784,97,RJ
5/6/2020,Rajasthan,139580,134172,3317,4593,5875,159,RJ
5/7/2020,Rajasthan,145510,139830,3427,5930,5658,110,RJ
5/8/2020,Rajasthan,152245,146198,3579,6735,6368,152,RJ
5/9/2020,Rajasthan,159157,152296,3708,6912,6098,129,RJ
5/10/2020,Rajasthan,166424,158830,3814,7267,6534,106,RJ
5/11/2020,Rajasthan,176130,168546,3988,9706,9716,174,RJ
5/12/2020,Rajasthan,185610,,4126,9480,0,138,RJ
5/13/2020,Rajasthan,194683,186125,4328,9073,186125,202,RJ
5/14/2020,Rajasthan,204243,197269,4534,9560,11144,206,RJ
5/15/2020,Rajasthan,212317,203770,4747,8074,6501,213,RJ
5/4/2020,Sikkim,170,169,0,170,169,0,SK
5/5/2020,Sikkim,181,171,0,11,2,0,SK
5/6/2020,Sikkim,189,189,0,8,18,0,SK
5/7/2020,Sikkim,216,207,0,27,18,0,SK
5/8/2020,Sikkim,216,214,0,0,7,0,SK
5/9/2020,Sikkim,219,219,0,3,5,0,SK
5/10/2020,Sikkim,219,219,0,0,0,0,SK
5/11/2020,Sikkim,219,219,0,0,0,0,SK
5/12/2020,Sikkim,348,229,0,129,10,0,SK
5/13/2020,Sikkim,439,268,0,91,39,0,SK
5/14/2020,Sikkim,579,292,0,140,24,0,SK
5/15/2020,Sikkim,348,229,0,-231,-63,0,SK
4/3/2020,Tamil Nadu,3684,2789,411,3684,2789,411,TN
4/8/2020,Tamil Nadu,5305,4414,690,1621,1625,279,TN
4/9/2020,Tamil Nadu,7267,5824,834,1962,1410,144,TN
4/10/2020,Tamil Nadu,8410,6838,911,1143,1014,77,TN
4/11/2020,Tamil Nadu,9842,7779,969,1432,941,58,TN
4/12/2020,Tamil Nadu,10655,,1075,813,0,106,TN
4/13/2020,Tamil Nadu,12746,,1173,2091,0,98,TN
4/14/2020,Tamil Nadu,19255,13234,1204,6509,13234,31,TN
4/15/2020,Tamil Nadu,21994,15210,1242,2739,1976,38,TN
4/16/2020,Tamil Nadu,26005,18743,1267,4011,3533,25,TN
4/17/2020,Tamil Nadu,29673,21628,1323,3668,2885,56,TN
4/18/2020,Tamil Nadu,35036,27192,1372,5363,5564,49,TN
4/19/2020,Tamil Nadu,40876,31853,1477,5840,4661,105,TN
4/20/2020,Tamil Nadu,46985,38082,1520,6109,6229,43,TN
4/21/2020,Tamil Nadu,53045,43582,1596,6060,5500,76,TN
4/22/2020,Tamil Nadu,59023,49506,1629,5978,5924,33,TN
4/23/2020,Tamil Nadu,65977,56836,1683,6954,7330,54,TN
4/24/2020,Tamil Nadu,72403,62596,1755,6426,5760,72,TN
4/25/2020,Tamil Nadu,80110,69390,1821,7707,6794,66,TN
4/26/2020,Tamil Nadu,87605,77133,1885,7495,7743,64,TN
4/27/2020,Tamil Nadu,94781,83021,1937,7176,5888,52,TN
4/28/2020,Tamil Nadu,101874,97908,2058,7093,14887,121,TN
4/29/2020,Tamil Nadu,109961,105864,2162,8087,7956,104,TN
4/30/2020,Tamil Nadu,119748,115761,2323,9787,9897,161,TN
5/1/2020,Tamil Nadu,129363,124852,2526,9615,9091,203,TN
5/2/2020,Tamil Nadu,139490,135698,2757,10127,10846,231,TN
5/3/2020,Tamil Nadu,150107,145520,3023,10617,9822,266,TN
5/4/2020,Tamil Nadu,162970,158558,3550,12863,13038,527,TN
5/5/2020,Tamil Nadu,174828,170174,4058,11858,11616,508,TN
5/6/2020,Tamil Nadu,188241,182541,4829,13413,12367,771,TN
5/7/2020,Tamil Nadu,202436,195831,5409,14195,13290,580,TN
5/8/2020,Tamil Nadu,216416,209495,6009,13980,13664,600,TN
5/9/2020,Tamil Nadu,229670,222576,6535,13254,13081,526,TN
5/10/2020,Tamil Nadu,243037,235157,7204,13367,12581,669,TN
5/11/2020,Tamil Nadu,254899,245562,8002,11862,10405,798,TN
5/12/2020,Tamil Nadu,266687,256720,8718,11788,11158,716,TN
5/13/2020,Tamil Nadu,279467,269758,9227,12780,13038,509,TN
5/14/2020,Tamil Nadu,291432,281001,9674,11965,11243,447,TN
5/15/2020,Tamil Nadu,303104,292045,10108,11672,11044,434,TN
4/19/2020,Telangana,14962,14104,858,14962,14104,858,TG
4/28/2020,Telangana,19063,,1009,4101,0,151,TG
4/29/2020,Telangana,19278,,1016,215,0,7,TG
4/11/2020,Tripura,337,335,2,337,335,2,TR
4/15/2020,Tripura,738,,2,401,0,0,TR
4/16/2020,Tripura,762,760,2,24,760,0,TR
4/21/2020,Tripura,2604,2602,2,1842,1842,0,TR
4/22/2020,Tripura,3215,3123,2,611,521,0,TR
5/1/2020,Tripura,4828,4825,3,1613,1702,1,TR
5/2/2020,Tripura,4955,4950,5,127,125,2,TR
5/3/2020,Tripura,5162,5157,5,207,207,0,TR
5/4/2020,Tripura,5394,5377,17,232,220,12,TR
5/5/2020,Tripura,5850,5820,30,456,443,13,TR
5/6/2020,Tripura,6228,6185,43,378,365,13,TR
5/7/2020,Tripura,6917,6828,89,689,643,46,TR
5/8/2020,Tripura,7448,7359,89,531,531,0,TR
5/9/2020,Tripura,8340,8221,119,892,862,30,TR
5/10/2020,Tripura,9091,8955,136,751,734,17,TR
5/11/2020,Tripura,9596,9442,154,505,487,18,TR
5/12/2020,Tripura,10344,10189,155,748,747,1,TR
5/13/2020,Tripura,11146,10991,155,802,802,0,TR
5/14/2020,Tripura,11804,11648,156,658,657,1,TR
5/15/2020,Tripura,12561,12405,156,757,757,0,TR
4/5/2020,Uttar Pradesh,5255,4796,278,5255,4796,278,UP
4/5/2020,Uttar Pradesh,5255,4796,278,0,0,0,UP
4/9/2020,Uttar Pradesh,8402,7898,410,3147,3102,132,UP
4/10/2020,Uttar Pradesh,9332,8798,433,930,900,23,UP
4/11/2020,Uttar Pradesh,10595,10012,452,1263,1214,19,UP
4/12/2020,Uttar Pradesh,11855,11250,483,1260,1238,31,UP
4/13/2020,Uttar Pradesh,13287,12542,558,1432,1292,75,UP
4/14/2020,Uttar Pradesh,15914,15134,660,2627,2592,102,UP
4/15/2020,Uttar Pradesh,19506,18595,727,3592,3461,67,UP
4/16/2020,Uttar Pradesh,21384,20374,805,1878,1779,78,UP
4/17/2020,Uttar Pradesh,24643,23648,849,3259,3274,44,UP
4/18/2020,Uttar Pradesh,28484,27262,974,3841,3614,125,UP
4/19/2020,Uttar Pradesh,31767,,1100,3283,0,126,UP
4/20/2020,Uttar Pradesh,34326,32874,1184,2559,32874,84,UP
4/21/2020,Uttar Pradesh,37933,36378,1337,3607,3504,153,UP
4/22/2020,Uttar Pradesh,42192,40263,1449,4259,3885,112,UP
4/23/2020,Uttar Pradesh,45483,43495,1510,3291,3232,61,UP
4/24/2020,Uttar Pradesh,53166,51161,1621,7683,7666,111,UP
4/25/2020,Uttar Pradesh,56851,54216,1793,3685,3055,172,UP
4/26/2020,Uttar Pradesh,61799,58492,1873,4948,4276,80,UP
4/27/2020,Uttar Pradesh,67145,64139,1896,5346,5647,23,UP
4/28/2020,Uttar Pradesh,70307,67266,2053,3162,3127,157,UP
4/29/2020,Uttar Pradesh,73716,70436,2134,3409,3170,81,UP
4/30/2020,Uttar Pradesh,78013,74864,2211,4297,4428,77,UP
5/1/2020,Uttar Pradesh,82459,79091,2328,4446,4227,117,UP
5/2/2020,Uttar Pradesh,85729,82356,2487,3270,3265,159,UP
5/3/2020,Uttar Pradesh,95841,91828,2645,10112,9472,158,UP
5/4/2020,Uttar Pradesh,98300,94682,2766,2459,2854,121,UP
5/5/2020,Uttar Pradesh,105234,101389,2880,6934,6707,114,UP
5/6/2020,Uttar Pradesh,109888,106043,2998,4654,4654,118,UP
5/7/2020,Uttar Pradesh,113670,109628,3071,3782,3585,73,UP
5/8/2020,Uttar Pradesh,119688,115646,3214,6018,6018,143,UP
5/9/2020,Uttar Pradesh,124791,120764,3373,5103,5118,159,UP
5/10/2020,Uttar Pradesh,129955,125696,3467,5164,4932,94,UP
5/11/2020,Uttar Pradesh,135760,131293,3573,5805,5597,106,UP
5/12/2020,Uttar Pradesh,140166,135754,3664,4406,4461,91,UP
5/13/2020,Uttar Pradesh,145637,141068,3578,5471,5314,-86,UP
5/14/2020,Uttar Pradesh,153139,147755,3902,7502,6687,324,UP
5/15/2020,Uttar Pradesh,159282,153588,4057,6143,5833,155,UP
4/2/2020,Uttarakhand,678,554,7,678,554,7,UT
4/7/2020,Uttarakhand,1289,1092,32,611,538,25,UT
4/9/2020,Uttarakhand,1531,1235,35,242,143,3,UT
4/10/2020,Uttarakhand,1688,1320,35,157,85,0,UT
4/11/2020,Uttarakhand,1705,1340,35,17,20,0,UT
4/12/2020,Uttarakhand,1820,1452,35,115,112,0,UT
4/13/2020,Uttarakhand,1998,1665,35,178,213,0,UT
4/14/2020,Uttarakhand,2174,1838,35,176,173,0,UT
4/15/2020,Uttarakhand,2413,2022,37,239,184,2,UT
4/16/2020,Uttarakhand,2593,2210,37,180,188,0,UT
4/17/2020,Uttarakhand,2831,2420,40,238,210,3,UT
4/18/2020,Uttarakhand,3158,2710,42,327,290,2,UT
4/19/2020,Uttarakhand,3344,3046,44,186,336,2,UT
4/20/2020,Uttarakhand,3677,3228,46,333,182,2,UT
4/21/2020,Uttarakhand,4061,3445,46,384,217,0,UT
4/22/2020,Uttarakhand,4275,3664,46,214,219,0,UT
4/23/2020,Uttarakhand,4473,3879,47,198,215,1,UT
4/24/2020,Uttarakhand,4767,4239,48,294,360,1,UT
4/25/2020,Uttarakhand,5194,4423,48,427,184,0,UT
4/26/2020,Uttarakhand,5277,4675,50,83,252,2,UT
4/27/2020,Uttarakhand,5463,4912,51,186,237,1,UT
4/28/2020,Uttarakhand,5739,5212,52,276,300,1,UT
4/29/2020,Uttarakhand,6046,5547,54,307,335,2,UT
4/30/2020,Uttarakhand,6565,6100,57,519,553,3,UT
5/1/2020,Uttarakhand,7042,6533,57,477,433,0,UT
5/2/2020,Uttarakhand,7369,6786,59,327,253,2,UT
5/3/2020,Uttarakhand,7578,6986,60,209,200,1,UT
5/4/2020,Uttarakhand,7806,7134,60,228,148,0,UT
5/5/2020,Uttarakhand,8060,7357,61,254,223,1,UT
5/6/2020,Uttarakhand,8346,7698,61,286,341,0,UT
5/7/2020,Uttarakhand,8783,8138,61,437,440,0,UT
5/8/2020,Uttarakhand,9116,8485,61,333,347,0,UT
5/9/2020,Uttarakhand,9386,8659,67,270,174,6,UT
5/10/2020,Uttarakhand,9668,8990,68,282,331,1,UT
5/11/2020,Uttarakhand,9915,9151,68,247,161,0,UT
5/12/2020,Uttarakhand,10471,9390,68,556,239,0,UT
5/13/2020,Uttarakhand,10792,9750,70,321,360,2,UT
5/14/2020,Uttarakhand,11294,10157,75,502,407,5,UT
5/15/2020,Uttarakhand,12045,10523,79,751,366,4,UT
4/1/2020,West Bengal,659,568,37,659,568,37,WB
4/4/2020,West Bengal,1042,,,383,0,0,WB
4/6/2020,West Bengal,1301,,,259,0,0,WB
4/7/2020,West Bengal,1487,,,186,0,0,WB
4/9/2020,West Bengal,1889,,,402,0,0,WB
4/10/2020,West Bengal,2095,,,206,0,0,WB
4/11/2020,West Bengal,2286,,126,191,0,126,WB
4/12/2020,West Bengal,2523,,134,237,0,8,WB
4/13/2020,West Bengal,2793,,152,270,0,18,WB
4/14/2020,West Bengal,3081,,190,288,0,38,WB
4/15/2020,West Bengal,3470,,213,389,0,23,WB
4/16/2020,West Bengal,3811,,231,341,0,18,WB
4/17/2020,West Bengal,4212,,255,401,0,24,WB
4/18/2020,West Bengal,4630,,287,418,0,32,WB
4/19/2020,West Bengal,5045,,310,415,0,23,WB
4/20/2020,West Bengal,5469,,339,424,0,29,WB
4/21/2020,West Bengal,6182,,392,713,0,53,WB
4/22/2020,West Bengal,7037,,423,855,0,31,WB
4/23/2020,West Bengal,7990,,456,953,0,33,WB
4/24/2020,West Bengal,8933,,514,943,0,58,WB
4/25/2020,West Bengal,9880,,571,947,0,57,WB
4/26/2020,West Bengal,10893,,611,1013,0,40,WB
4/27/2020,West Bengal,12043,,649,1150,0,38,WB
4/28/2020,West Bengal,13223,,697,1180,0,48,WB
4/29/2020,West Bengal,14620,,725,1397,0,28,WB
4/30/2020,West Bengal,16525,,758,1905,0,33,WB
5/1/2020,West Bengal,18566,,,2041,0,0,WB
5/2/2020,West Bengal,20976,,795,2410,0,795,WB
5/3/2020,West Bengal,22915,,922,1939,0,127,WB
5/4/2020,West Bengal,25116,,1259,2201,0,337,WB
5/5/2020,West Bengal,27571,,1344,2455,0,85,WB
5/6/2020,West Bengal,30141,,1456,2570,0,112,WB
5/7/2020,West Bengal,32752,,1548,2611,0,92,WB
5/8/2020,West Bengal,35767,,1678,3015,0,130,WB
5/9/2020,West Bengal,39368,,1786,3601,0,108,WB
5/10/2020,West Bengal,43414,,1939,4046,0,153,WB
5/11/2020,West Bengal,47615,,2063,4201,0,124,WB
5/12/2020,West Bengal,52622,,2173,5007,0,110,WB
5/13/2020,West Bengal,57632,,2290,5010,0,117,WB
5/14/2020,West Bengal,62837,,1394,5205,0,-896,WB
5/15/2020,West Bengal,69543,,1407,6706,0,13,WB
